<?xml version="1.0" encoding="UTF-8"?>
<project-private xmlns="http://www.netbeans.org/ns/project-private/1">
    <editor-bookmarks xmlns="http://www.netbeans.org/ns/editor-bookmarks/2" lastBookmarkId="0"/>
    <open-files xmlns="http://www.netbeans.org/ns/projectui-open-files/2">
        <group>
            <file>file:/F:/Carpetas/Desarrollo/JavaProject/JuegoConMenuInicio/src/juegoconmenuinicio/Principal.java</file>
            <file>file:/F:/Carpetas/Desarrollo/JavaProject/JuegoConMenuInicio/src/graphics/Assets.java</file>
            <file>file:/F:/Carpetas/Desarrollo/JavaProject/JuegoConMenuInicio/src/gameObjects/Boton.java</file>
            <file>file:/F:/Carpetas/Desarrollo/JavaProject/JuegoConMenuInicio/src/state/Menu.java</file>
        </group>
    </open-files>
</project-private>
